"objectId","inSize","outSize","totalTime","parsing","extractSchema","X2Full","X2Witness","notElim","merge1","groupize","separation","expansion","preparation","merge3","initGEnv","genWitness","genSuccess","noWitness","valid","X.iterations","cancelledAt","dateAndTime","timeout","git","machine"
"sp_208_Normalized",234,64,686,42,559,4,16,0,0,0,0,1,7,0,23,2,"true","false","true",2,NA,"14062022_071754",0,"1309f5802593d673c53c7730e652ea21f5e98596","pcattouche"
"sp_207_Normalized",234,64,5,0,0,0,1,0,0,0,0,1,0,0,1,1,"true","false","true",2,NA,"",NA,"",""
"sp_206_Normalized",234,64,5,0,0,0,1,0,0,0,0,0,1,0,2,1,"true","false","true",2,NA,"",NA,"",""
"sp_69_Normalized",275,242,138,0,2,1,75,0,10,3,0,2,5,0,16,7,"true","false","true",2,NA,"",NA,"",""
"sp_70_Normalized",279,242,11,1,0,0,2,0,1,1,0,1,1,0,1,1,"true","false","true",2,NA,"",NA,"",""
"sp_228_Normalized",285,242,11,1,0,0,2,0,1,1,0,0,0,1,1,1,"true","false","true",2,NA,"",NA,"",""
"sp_229_Normalized",287,242,9,0,0,0,2,0,1,1,0,0,1,0,1,1,"true","false","true",2,NA,"",NA,"",""
"sp_234_Normalized",289,242,9,0,0,0,1,0,0,1,0,0,1,0,1,1,"true","false","true",2,NA,"",NA,"",""
"sp_231_Normalized",291,242,9,0,0,0,2,0,1,1,1,1,1,0,1,1,"true","false","true",2,NA,"",NA,"",""
"sp_239_Normalized",296,242,8,0,0,0,2,0,1,1,0,0,1,0,0,0,"true","false","true",2,NA,"",NA,"",""
"sp_74_Normalized",307,242,8,1,0,0,1,0,0,0,0,0,1,0,1,0,"true","false","true",2,NA,"",NA,"",""
"sp_218_Normalized",333,242,8,1,0,0,1,0,0,0,0,0,1,0,0,0,"true","false","true",2,NA,"",NA,"",""
"sp_214_Normalized",369,64,3,0,1,0,0,0,0,0,0,0,0,0,0,1,"true","false","true",2,NA,"",NA,"",""
"sp_237_Normalized",371,652,29,0,0,0,3,0,0,1,3,0,3,1,11,1,"true","false","true",2,NA,"",NA,"",""
"sp_240_Normalized",378,648,14,0,0,0,3,0,1,1,0,0,2,0,2,1,"true","false","true",2,NA,"",NA,"",""
"sp_147_Normalized",387,726,36,1,1,0,2,0,1,2,1,1,3,1,3,19,"true","false","true",2,NA,"",NA,"",""
"sp_270_Normalized",397,644,12,1,0,0,2,0,0,1,0,1,1,1,2,1,"true","false","true",2,NA,"",NA,"",""
"sp_176_Normalized",400,489,9,0,0,0,1,0,0,1,0,0,1,0,2,1,"true","false","true",2,NA,"",NA,"",""
"sp_238_Normalized",400,680,14,0,0,0,4,0,0,2,1,1,3,0,1,1,"true","false","true",2,NA,"",NA,"",""
"sp_233_Normalized",401,957,40,1,0,1,11,0,14,2,3,0,1,0,3,0,"true","false","true",2,NA,"",NA,"",""
"sp_271_Normalized",402,731,13,0,0,0,1,1,0,2,0,0,2,0,2,3,"true","false","true",2,NA,"",NA,"",""
"sp_382_Normalized",408,64,3,0,0,0,1,0,0,0,0,0,0,0,1,1,"true","false","true",2,NA,"",NA,"",""
"sp_141_Normalized",408,820,22,0,0,0,6,0,1,2,1,0,3,0,2,3,"true","false","true",2,NA,"",NA,"",""
"sp_48_Normalized",428,583,11,0,0,0,0,0,0,2,0,0,1,0,2,1,"true","false","true",2,NA,"",NA,"",""
"sp_174_Normalized",435,815,48,0,0,1,4,0,28,1,8,1,1,0,1,0,"true","false","true",2,NA,"",NA,"",""
"sp_315_Normalized",439,788,22,1,0,1,4,0,1,3,1,1,2,0,2,4,"true","false","true",2,NA,"",NA,"",""
"sp_260_Normalized",455,1336,28,0,1,1,5,0,0,2,3,1,3,1,4,1,"true","false","true",2,NA,"",NA,"",""
"sp_256_Normalized",455,1336,17,0,0,0,4,0,1,2,3,0,2,0,1,0,"true","false","true",2,NA,"",NA,"",""
"sp_171_Normalized",458,673,10,0,0,0,2,0,1,1,0,1,1,0,2,0,"true","false","true",2,NA,"",NA,"",""
"sp_278_Normalized",464,804,16,0,0,0,3,0,0,2,0,0,3,1,2,3,"true","false","true",2,NA,"",NA,"",""
"sp_60_Normalized",467,1094,141,0,1,0,3,0,96,1,28,0,2,0,2,2,"true","false","true",2,NA,"",NA,"",""
"sp_325_Normalized",489,1052,605,0,0,0,2,0,507,1,87,0,1,0,1,2,"true","false","true",2,NA,"",NA,"",""
"sp_327_Normalized",495,1324,15,0,0,3,4,0,1,1,1,0,1,1,1,1,"true","false","true",2,NA,"",NA,"",""
"sp_78_Normalized",495,985,200,0,0,0,3,0,162,0,30,0,1,0,1,0,"true","false","true",2,NA,"",NA,"",""
"sp_86_Normalized",502,1085,200,0,0,0,2,0,159,1,33,1,1,0,1,1,"true","false","true",2,NA,"",NA,"",""
"sp_89_Normalized",506,1100,242,0,0,0,3,0,195,1,36,0,2,0,1,2,"true","false","true",2,NA,"",NA,"",""
"sp_146_Normalized",506,1014,20,1,0,0,5,0,0,2,0,0,4,1,2,3,"true","false","true",2,NA,"",NA,"",""
"sp_85_Normalized",509,1093,234,0,0,1,2,0,186,1,39,1,1,0,1,0,"true","false","true",2,NA,"",NA,"",""
"sp_92_Normalized",510,1085,187,1,0,1,1,0,153,1,25,0,0,0,1,1,"true","false","true",2,NA,"",NA,"",""
"sp_405_Normalized",511,1108,16,0,0,0,3,0,4,1,1,0,1,1,1,2,"true","false","true",2,NA,"",NA,"",""
"sp_301_Normalized",513,792,10,0,0,1,1,0,1,0,0,1,2,0,1,2,"true","false","true",2,NA,"",NA,"",""
"sp_59_Normalized",514,1893,17,1,0,1,3,0,0,1,2,0,2,0,2,1,"true","false","true",2,NA,"",NA,"",""
"sp_414_Normalized",516,1721,361,0,1,0,3,0,312,1,36,0,2,0,1,3,"true","false","true",2,NA,"",NA,"",""
"sp_71_Normalized",525,1492,9,0,0,0,2,0,1,1,1,0,1,0,1,0,"true","false","true",2,NA,"",NA,"",""
"sp_148_Normalized",531,1269,16,0,0,1,2,0,1,1,0,0,2,0,1,2,"true","false","true",2,NA,"",NA,"",""
"sp_40_Normalized",536,1904,13,0,0,1,2,0,2,1,1,0,1,1,2,0,"true","false","true",2,NA,"",NA,"",""
"sp_159_Normalized",537,631,6,0,0,0,1,0,0,1,0,0,1,0,1,1,"true","false","true",2,NA,"",NA,"",""
"sp_158_Normalized",539,792,6,0,0,0,1,0,1,0,1,0,1,0,2,0,"true","false","true",2,NA,"",NA,"",""
"sp_164_Normalized",550,1611,14,0,0,1,2,0,1,1,1,0,1,0,2,2,"true","false","true",2,NA,"",NA,"",""
"sp_67_Normalized",550,732,7,0,0,0,1,0,1,0,0,0,1,0,1,0,"true","false","true",2,NA,"",NA,"",""
"sp_324_Normalized",552,1573,15,0,1,3,2,0,0,1,1,0,2,0,1,2,"true","false","true",2,NA,"",NA,"",""
"sp_318_Normalized",557,1269,12,0,1,0,2,0,1,2,0,0,1,1,1,2,"true","false","true",2,NA,"",NA,"",""
"sp_42_Normalized",563,1545,9,1,0,0,1,0,1,1,1,1,1,0,0,0,"true","false","true",2,NA,"",NA,"",""
"sp_248_Normalized",572,1573,13,0,0,1,3,0,0,1,1,0,2,0,1,2,"true","false","true",2,NA,"",NA,"",""
"sp_262_Normalized",572,1850,45,0,1,1,9,0,0,2,1,0,4,0,20,3,"true","false","true",2,NA,"",NA,"",""
"sp_165_Normalized",575,2389,21,0,0,0,3,0,5,1,3,1,2,0,2,2,"true","false","true",2,NA,"",NA,"",""
"sp_216_Normalized",580,762,7,0,0,0,1,0,1,1,0,0,1,0,1,1,"true","false","true",2,NA,"",NA,"",""
"sp_44_Normalized",592,1382,14,0,1,0,3,0,3,1,2,0,1,0,1,1,"true","false","true",2,NA,"",NA,"",""
"sp_413_Normalized",596,2010,353,0,0,0,2,0,293,1,48,0,2,0,1,2,"true","false","true",2,NA,"",NA,"",""
"sp_41_Normalized",599,2027,14,0,0,0,2,0,3,1,2,0,1,0,1,1,"true","false","true",2,NA,"",NA,"",""
"sp_39_Normalized",602,1342,9,1,0,0,2,0,1,0,0,0,1,0,2,0,"true","false","true",2,NA,"",NA,"",""
"sp_57_Normalized",602,1541,8,0,0,0,1,0,0,1,1,1,1,0,2,0,"true","false","true",2,NA,"",NA,"",""
"sp_166_Normalized",610,1448,12,0,0,1,3,0,0,1,0,1,3,0,1,0,"true","false","true",2,NA,"",NA,"",""
"sp_320_Normalized",621,1699,15,0,0,0,2,0,1,2,0,0,2,1,1,3,"true","false","true",2,NA,"",NA,"",""
"sp_167_Normalized",623,1448,13,0,0,1,3,0,2,1,1,0,2,0,1,1,"true","false","true",2,NA,"",NA,"",""
"sp_273_Normalized",626,3031,19,0,1,0,3,0,0,2,2,0,3,1,3,0,"true","false","true",2,NA,"",NA,"",""
"sp_282_Normalized",637,3031,14,0,1,0,3,0,0,1,1,0,2,1,2,0,"true","false","true",2,NA,"",NA,"",""
"sp_11_Normalized",639,1534,10,0,0,0,1,0,1,1,1,0,1,1,1,1,"true","false","true",2,NA,"",NA,"",""
"sp_168_Normalized",642,1448,12,0,0,0,3,0,1,1,1,0,2,1,1,1,"true","false","true",2,NA,"",NA,"",""
"sp_272_Normalized",645,3107,17,1,0,0,2,0,0,1,2,1,2,0,2,2,"true","false","true",2,NA,"",NA,"",""
"sp_380_Normalized",653,1323,9,0,0,0,2,0,0,1,1,0,2,0,1,1,"true","false","true",2,NA,"",NA,"",""
"sp_161_Normalized",656,2477,28,0,0,0,9,0,8,1,3,0,3,1,2,0,"true","false","true",2,NA,"",NA,"",""
"sp_33_Normalized",668,4848,28,0,0,1,7,0,1,2,8,2,1,1,3,0,"true","false","true",2,NA,"",NA,"",""
"sp_28_Normalized",668,1161,8,0,0,0,1,0,1,1,0,0,1,0,0,0,"true","false","true",2,NA,"",NA,"",""
"sp_321_Normalized",677,2018,17,0,0,0,3,0,0,2,1,0,4,1,2,3,"true","false","true",2,NA,"",NA,"",""
"sp_290_Normalized",686,1490,19,0,0,0,2,0,10,1,3,0,1,0,1,1,"true","false","true",2,NA,"",NA,"",""
"sp_326_Normalized",691,1958,16,0,0,0,3,0,0,1,1,1,3,1,1,3,"true","false","true",2,NA,"",NA,"",""
"sp_297_Normalized",692,1813,180,0,0,0,2,0,144,2,26,1,1,0,1,2,"true","false","true",2,NA,"",NA,"",""
"sp_242_Normalized",701,1462,15,1,0,0,5,0,3,1,0,2,2,0,1,0,"true","false","true",2,NA,"",NA,"",""
"sp_156_Normalized",702,711,6,0,0,0,1,0,0,1,0,0,1,0,1,1,"true","false","true",2,NA,"",NA,"",""
"sp_294_Normalized",703,2250,17,1,0,0,4,0,1,1,0,0,2,0,1,2,"true","false","true",2,NA,"",NA,"",""
"sp_62_Normalized",710,2512,82,0,0,0,4,0,55,1,12,0,2,1,2,2,"true","false","true",2,NA,"",NA,"",""
"sp_247_Normalized",711,991,12,1,0,1,3,0,1,1,0,0,1,0,0,1,"true","false","true",2,NA,"",NA,"",""
"sp_46_Normalized",725,4315,21,0,0,0,5,0,0,2,6,0,2,0,3,0,"true","false","true",2,NA,"",NA,"",""
"sp_250_Normalized",725,1795,15,0,1,0,4,0,2,1,1,0,3,0,1,1,"true","false","true",2,NA,"",NA,"",""
"sp_53_Normalized",727,2014,14,1,0,0,3,0,1,1,2,0,2,0,1,0,"true","false","true",2,NA,"",NA,"",""
"sp_269_Normalized",727,3137,704,0,0,0,5,0,609,1,79,0,2,0,2,1,"true","false","true",2,NA,"",NA,"",""
"sp_221_Normalized",728,1506,333,0,0,1,2,0,289,1,36,0,2,0,0,1,"true","false","true",2,NA,"",NA,"",""
"sp_83_Normalized",730,1378,180,1,0,0,5,0,138,0,32,0,2,0,1,0,"true","false","true",2,NA,"",NA,"",""
"sp_268_Normalized",733,64,1,0,0,0,0,0,0,0,0,0,0,0,1,0,"true","false","true",2,NA,"",NA,"",""
"sp_314_Normalized",734,1795,16,0,0,0,5,0,2,1,0,1,3,0,1,2,"true","false","true",2,NA,"",NA,"",""
"sp_52_Normalized",735,1714,20,1,0,0,6,0,0,2,2,0,4,0,1,1,"true","false","true",2,NA,"",NA,"",""
"sp_30_Normalized",738,1795,27,0,0,1,2,0,16,1,3,1,1,0,0,0,"true","false","true",2,NA,"",NA,"",""
"sp_220_Normalized",742,1506,346,0,0,0,2,0,301,1,38,0,2,0,0,1,"true","false","true",2,NA,"",NA,"",""
"sp_90_Normalized",753,1872,171,0,1,0,2,0,137,1,26,1,1,0,1,0,"true","false","true",2,NA,"",NA,"",""
"sp_295_Normalized",771,2383,15,0,0,0,4,0,2,1,2,0,2,0,1,2,"true","false","true",2,NA,"",NA,"",""
"sp_175_Normalized",782,1853,897,1,0,0,3,0,813,0,74,1,1,0,1,0,"true","false","true",2,NA,"",NA,"",""
"sp_217_Normalized",788,1739,18,0,0,0,2,0,9,0,2,0,1,0,0,2,"true","false","true",2,NA,"",NA,"",""
"sp_37_Normalized",822,3113,51,1,0,0,4,0,34,1,6,0,1,1,1,0,"true","false","true",2,NA,"",NA,"",""
"sp_355_Normalized",823,3059,14,0,0,0,3,0,1,1,1,0,2,1,2,2,"true","false","true",2,NA,"",NA,"",""
"sp_61_Normalized",823,1074,12,0,0,0,5,0,2,0,0,0,2,0,1,0,"true","false","true",2,NA,"",NA,"",""
"sp_84_Normalized",831,2142,8,0,0,0,2,0,1,0,1,0,0,0,1,1,"true","false","true",2,NA,"",NA,"",""
"sp_227_Normalized",831,2996,17,0,1,0,3,0,4,1,2,0,2,0,1,2,"true","false","true",2,NA,"",NA,"",""
"sp_43_Normalized",846,3746,40,1,0,0,4,0,19,1,7,1,2,1,2,1,"true","false","true",2,NA,"",NA,"",""
"sp_276_Normalized",851,2360,26,0,0,0,12,0,0,1,0,0,7,1,1,2,"true","false","true",2,NA,"",NA,"",""
"sp_31_Normalized",860,3613,64,1,0,0,4,0,39,2,10,0,2,0,1,0,"true","false","true",2,NA,"",NA,"",""
"sp_56_Normalized",873,2151,14,0,1,0,4,0,1,1,2,0,2,1,1,0,"true","false","true",2,NA,"",NA,"",""
"sp_219_Normalized",881,1741,8,0,0,0,2,0,0,1,1,0,1,0,1,1,"true","false","true",2,NA,"",NA,"",""
"sp_55_Normalized",881,1851,15,1,0,0,4,0,2,1,1,0,1,0,1,1,"true","false","true",2,NA,"",NA,"",""
"sp_186_Normalized",886,1994,17,1,0,0,6,0,2,1,1,0,3,1,1,1,"true","false","true",2,NA,"",NA,"",""
"sp_316_Normalized",887,3354,41,0,1,19,10,0,0,1,2,0,1,1,2,2,"true","false","true",2,NA,"",NA,"",""
"sp_196_Normalized",892,2741,23,0,0,0,8,0,2,2,1,1,4,1,1,1,"true","false","true",2,NA,"",NA,"",""
"sp_198_Normalized",893,2766,18,0,1,0,6,0,1,1,2,0,3,1,2,0,"true","false","true",2,NA,"",NA,"",""
"sp_32_Normalized",897,3001,37,0,0,0,6,0,19,2,5,0,2,1,1,0,"true","false","true",2,NA,"",NA,"",""
"sp_38_Normalized",898,2666,20,0,0,0,3,0,9,1,2,1,2,0,1,0,"true","false","true",2,NA,"",NA,"",""
"sp_58_Normalized",922,1852,9,0,0,0,2,0,0,0,1,0,1,0,1,0,"true","false","true",2,NA,"",NA,"",""
"sp_293_Normalized",931,3161,15,0,0,0,3,0,0,2,1,0,3,1,2,3,"true","false","true",2,NA,"",NA,"",""
"sp_140_Normalized",934,2119,33,1,0,0,13,0,5,1,0,0,9,0,1,1,"true","false","true",2,NA,"",NA,"",""
"sp_322_Normalized",935,3101,14,0,0,0,3,0,1,1,1,0,2,0,1,2,"true","false","true",2,NA,"",NA,"",""
"sp_349_Normalized",937,3317,16,0,0,0,3,0,1,1,1,0,3,1,2,3,"true","false","true",2,NA,"",NA,"",""
"sp_109_Normalized",938,3023,13,0,0,0,3,0,1,1,1,1,3,1,1,0,"true","false","true",2,NA,"",NA,"",""
"sp_403_Normalized",941,2622,22,0,1,0,3,0,8,1,3,0,2,0,1,1,"true","false","true",2,NA,"",NA,"",""
"sp_49_Normalized",945,3150,166,0,0,0,5,0,127,1,28,1,2,0,1,0,"true","false","true",2,NA,"",NA,"",""
"sp_358_Normalized",948,3063,22,0,0,0,7,0,2,1,0,0,5,0,2,2,"true","false","true",2,NA,"",NA,"",""
"sp_29_Normalized",949,2415,27,0,0,1,1,0,12,1,4,0,1,0,1,1,"true","false","true",2,NA,"",NA,"",""
"sp_288_Normalized",950,3118,21,1,0,0,5,0,0,2,1,0,6,1,1,2,"true","false","true",2,NA,"",NA,"",""
"sp_110_Normalized",954,2867,11,0,0,0,3,0,1,1,1,0,3,0,1,0,"true","false","true",2,NA,"",NA,"",""
"sp_91_Normalized",955,2619,308,0,0,0,3,0,250,2,49,2,1,0,1,0,"true","false","true",2,NA,"",NA,"",""
"sp_254_Normalized",962,3911,15,0,0,0,3,0,1,1,2,0,3,0,1,3,"true","false","true",2,NA,"",NA,"",""
"sp_26_Normalized",981,3280,20,0,0,0,3,0,8,1,4,0,2,0,1,1,"true","false","true",2,NA,"",NA,"",""
"sp_317_Normalized",981,3451,15,0,0,0,3,0,1,2,2,0,3,1,1,1,"true","false","true",2,NA,"",NA,"",""
"sp_160_Normalized",989,3524,21,0,0,0,4,0,7,1,3,0,2,0,1,1,"true","false","true",2,NA,"",NA,"",""
"sp_155_Normalized",989,2170,12,1,0,0,3,0,1,0,0,1,2,0,0,1,"true","false","true",2,NA,"",NA,"",""
"sp_241_Normalized",991,3919,21,0,0,0,6,0,1,1,3,0,4,0,1,1,"true","false","true",2,NA,"",NA,"",""
"sp_51_Normalized",992,5378,21,1,0,0,4,0,0,2,5,1,4,1,2,0,"true","false","true",2,NA,"",NA,"",""
"sp_274_Normalized",995,3771,15,0,0,0,3,0,0,1,1,0,3,0,1,3,"true","false","true",2,NA,"",NA,"",""
"sp_150_Normalized",1005,2452,22,0,0,0,6,0,3,1,1,0,7,1,1,2,"true","false","true",2,NA,"",NA,"",""
"sp_45_Normalized",1011,2512,20,0,1,0,6,0,0,1,1,0,6,0,1,2,"true","false","true",2,NA,"",NA,"",""
"sp_312_Normalized",1014,3861,16,1,0,0,3,0,1,1,1,0,3,0,1,3,"true","false","true",2,NA,"",NA,"",""
"sp_356_Normalized",1014,3378,14,0,1,0,2,0,1,1,1,0,2,0,1,3,"true","false","true",2,NA,"",NA,"",""
"sp_362_Normalized",1019,3892,18,0,0,0,4,0,1,2,1,1,4,0,1,3,"true","false","true",2,NA,"",NA,"",""
"sp_97_Normalized",1033,6804,834,0,0,0,273,0,258,1,291,1,3,1,2,1,"true","false","true",2,NA,"",NA,"",""
"sp_359_Normalized",1035,3188,20,0,0,0,6,0,1,1,1,1,7,0,1,2,"true","false","true",2,NA,"",NA,"",""
"sp_253_Normalized",1042,4629,32,0,1,0,11,0,2,1,2,0,10,1,1,1,"true","false","true",2,NA,"",NA,"",""
"sp_298_Normalized",1046,2877,25,0,0,0,8,0,4,1,1,0,5,0,1,3,"true","false","true",2,NA,"",NA,"",""
"sp_381_Normalized",1066,3922,1516,0,0,0,11,0,1393,1,102,0,4,1,2,0,"true","false","true",2,NA,"",NA,"",""
"sp_144_Normalized",1069,2229,12,0,1,1,3,0,1,1,1,0,2,0,0,1,"true","false","true",2,NA,"",NA,"",""
"sp_145_Normalized",1090,2621,32,0,0,1,14,0,6,1,0,0,6,0,1,1,"true","false","true",2,NA,"",NA,"",""
"sp_252_Normalized",1105,4546,32,0,0,0,7,0,2,1,1,0,14,1,1,1,"true","false","true",2,NA,"",NA,"",""
"sp_363_Normalized",1106,4014,20,1,0,0,4,0,1,2,1,0,4,1,2,3,"true","false","true",2,NA,"",NA,"",""
"sp_251_Normalized",1114,4896,35,0,0,0,8,0,0,1,2,0,18,0,2,1,"true","false","true",2,NA,"",NA,"",""
"sp_108_Normalized",1115,3572,15,0,1,0,3,0,0,1,1,0,6,0,1,0,"true","false","true",2,NA,"",NA,"",""
"sp_190_Normalized",1136,3035,19,0,0,0,8,0,2,1,1,0,3,1,1,0,"true","false","true",2,NA,"",NA,"",""
"sp_188_Normalized",1136,3032,19,0,0,0,7,0,2,1,1,0,3,1,1,1,"true","false","true",2,NA,"",NA,"",""
"sp_154_Normalized",1148,1601,10,1,0,0,3,0,1,1,0,0,2,0,1,0,"true","false","true",2,NA,"",NA,"",""
"sp_149_Normalized",1160,2578,21,0,0,0,9,0,3,1,1,0,3,1,1,1,"true","false","true",2,NA,"",NA,"",""
"sp_232_Normalized",1172,4324,20,0,0,0,4,0,5,1,4,0,2,1,2,1,"true","false","true",2,NA,"",NA,"",""
"sp_266_Normalized",1205,5920,29,0,0,3,8,0,0,2,4,0,3,0,2,3,"true","false","true",2,NA,"",NA,"",""
"sp_283_Normalized",1209,5325,19,0,0,0,5,0,1,1,1,0,4,0,2,2,"true","false","true",2,NA,"",NA,"",""
"sp_35_Normalized",1219,5294,76,0,0,1,5,0,52,2,9,0,2,0,1,0,"true","false","true",2,NA,"",NA,"",""
"sp_277_Normalized",1245,3057,591,0,0,0,4,0,503,1,77,0,2,1,1,1,"true","false","true",2,NA,"",NA,"",""
"sp_399_Normalized",1267,3032,16,0,0,0,5,0,3,1,0,0,2,1,1,0,"true","false","true",2,NA,"",NA,"",""
"sp_255_Normalized",1269,5154,17,0,0,0,3,0,0,2,1,0,3,0,1,3,"true","false","true",2,NA,"",NA,"",""
"sp_313_Normalized",1270,5407,19,0,0,0,4,0,1,2,1,1,4,1,1,3,"true","false","true",2,NA,"",NA,"",""
"sp_47_Normalized",1272,5460,60,0,0,0,6,0,32,1,10,2,3,0,1,2,"true","false","true",2,NA,"",NA,"",""
"sp_407_Normalized",1287,6425,39,0,0,0,7,0,12,1,6,1,5,1,2,2,"true","false","true",2,NA,"",NA,"",""
"sp_299_Normalized",1295,4810,28,0,1,0,9,0,4,1,2,0,6,0,1,1,"true","false","true",2,NA,"",NA,"",""
"sp_34_Normalized",1307,5126,90,0,0,0,6,0,60,2,13,0,3,0,1,0,"true","false","true",2,NA,"",NA,"",""
"sp_386_Normalized",1307,2939,25,0,0,0,9,0,5,0,0,0,5,0,1,0,"true","false","true",2,NA,"",NA,"",""
"sp_246_Normalized",1313,5567,33,0,0,0,8,0,2,2,2,0,6,1,2,5,"true","false","true",2,NA,"",NA,"",""
"sp_392_Normalized",1314,3991,28,1,0,5,8,0,1,1,2,0,4,1,1,0,"true","false","true",2,NA,"",NA,"",""
"sp_72_Normalized",1316,3663,460,0,0,0,5,0,373,1,74,0,2,0,2,1,"true","false","true",2,NA,"",NA,"",""
"sp_66_Normalized",1317,3770,52,1,0,0,8,0,25,1,9,0,3,0,1,1,"true","false","true",2,NA,"",NA,"",""
"sp_230_Normalized",1331,7040,35,0,0,0,7,0,8,2,7,0,3,0,2,2,"true","false","true",2,NA,"",NA,"",""
"sp_364_Normalized",1334,6481,23,0,0,0,5,0,0,2,3,1,5,1,1,2,"true","false","true",2,NA,"",NA,"",""
"sp_284_Normalized",1343,7050,23,0,0,1,5,0,1,2,3,0,4,1,2,2,"true","false","true",2,NA,"",NA,"",""
"sp_289_Normalized",1350,3661,20,0,1,0,6,0,0,2,1,0,6,0,1,1,"true","false","true",2,NA,"",NA,"",""
"sp_22_Normalized",1361,4292,35,0,0,0,3,0,21,1,5,0,1,1,1,1,"true","false","true",2,NA,"",NA,"",""
"sp_63_Normalized",1366,3573,25,0,0,1,10,0,6,1,1,0,4,0,1,0,"true","false","true",2,NA,"",NA,"",""
"sp_36_Normalized",1366,6141,86,0,0,0,7,0,59,1,10,0,3,0,1,0,"true","false","true",2,NA,"",NA,"",""
"sp_68_Normalized",1402,7007,38,0,0,0,7,0,10,2,4,1,5,0,2,5,"true","false","true",2,NA,"",NA,"",""
"sp_173_Normalized",1420,5750,37,0,0,0,9,0,11,2,5,0,5,1,1,0,"true","false","true",2,NA,"",NA,"",""
"sp_365_Normalized",1421,6593,24,0,0,0,6,0,2,2,3,0,5,0,1,2,"true","false","true",2,NA,"",NA,"",""
"sp_225_Normalized",1426,2307,13,0,0,0,3,0,1,0,0,0,2,1,1,1,"true","false","true",2,NA,"",NA,"",""
"sp_287_Normalized",1433,5970,168,1,0,0,7,0,123,1,27,0,3,1,1,1,"true","false","true",2,NA,"",NA,"",""
"sp_194_Normalized",1450,5601,26,1,0,0,9,0,3,1,2,0,5,1,1,0,"true","false","true",2,NA,"",NA,"",""
"sp_192_Normalized",1472,4791,25,1,0,0,9,0,1,2,1,1,6,0,1,0,"true","false","true",2,NA,"",NA,"",""
"sp_224_Normalized",1474,2284,14,0,0,0,4,0,2,1,1,0,2,0,1,1,"true","false","true",2,NA,"",NA,"",""
"sp_215_Normalized",1482,6823,17,0,1,0,3,0,1,1,2,0,3,0,1,2,"true","false","true",2,NA,"",NA,"",""
"sp_416_Normalized",1484,2104,17,0,0,0,5,0,2,1,1,0,4,0,1,1,"true","false","true",2,NA,"",NA,"",""
"sp_275_Normalized",1489,7661,25,0,0,0,5,0,1,2,3,0,5,0,2,3,"true","false","true",2,NA,"",NA,"",""
"sp_151_Normalized",1498,5760,16,0,0,0,2,0,0,2,2,1,4,1,1,1,"true","false","true",2,NA,"",NA,"",""
"sp_285_Normalized",1527,7748,42,0,0,0,15,0,3,2,3,0,9,2,1,3,"true","false","true",2,NA,"",NA,"",""
"sp_384_Normalized",1532,3818,17,1,0,0,6,0,1,1,0,0,4,0,0,0,"true","false","true",2,NA,"",NA,"",""
"sp_354_Normalized",1546,8219,26,0,1,0,6,0,1,2,3,0,4,1,1,3,"true","false","true",2,NA,"",NA,"",""
"sp_404_Normalized",1550,1807,14,0,0,0,6,0,3,1,0,0,2,0,0,0,"true","false","true",2,NA,"",NA,"",""
"sp_180_Normalized",1560,4897,28,0,0,0,11,0,5,1,1,1,5,1,1,0,"true","false","true",2,NA,"",NA,"",""
"sp_139_Normalized",1565,1219,11,0,0,0,4,0,3,0,0,0,3,0,0,1,"true","false","true",2,NA,"",NA,"",""
"sp_396_Normalized",1572,3696,18,0,1,0,5,0,3,1,1,1,3,0,1,0,"true","false","true",2,NA,"",NA,"",""
"sp_394_Normalized",1574,3696,18,0,0,0,6,0,4,1,1,0,4,0,1,0,"true","false","true",2,NA,"",NA,"",""
"sp_383_Normalized",1575,3003,483,1,1,0,4,0,395,1,76,0,2,0,1,1,"true","false","true",2,NA,"",NA,"",""
"sp_395_Normalized",1576,3876,24,1,0,0,6,0,6,1,1,1,5,0,0,0,"true","false","true",2,NA,"",NA,"",""
"sp_226_Normalized",1581,5112,239,0,1,0,4,0,180,1,38,0,4,1,2,2,"true","false","true",2,NA,"",NA,"",""
"sp_387_Normalized",1585,3879,36,1,0,0,11,0,7,2,1,0,10,1,1,0,"true","false","true",2,NA,"",NA,"",""
"sp_360_Normalized",1587,6715,41,0,2,1,7,0,0,3,3,0,12,1,1,4,"true","false","true",2,NA,"",NA,"",""
"sp_54_Normalized",1597,4293,54,0,1,0,14,0,1,3,4,1,8,0,2,11,"true","false","true",2,NA,"",NA,"",""
"sp_368_Normalized",1616,8602,58,0,1,0,14,0,3,4,6,0,12,1,2,5,"true","false","true",2,NA,"",NA,"",""
"sp_406_Normalized",1632,3436,19,0,0,0,6,0,2,1,2,0,3,1,1,0,"true","false","true",2,NA,"",NA,"",""
"sp_184_Normalized",1656,5657,48,0,0,1,19,0,2,3,3,1,12,1,2,1,"true","false","true",2,NA,"",NA,"",""
"sp_107_Normalized",1660,7953,38,0,0,0,12,0,0,1,11,0,3,1,2,2,"true","false","true",2,NA,"",NA,"",""
"sp_323_Normalized",1661,3426,22,0,0,0,10,0,3,1,0,0,3,0,1,1,"true","false","true",2,NA,"",NA,"",""
"sp_19_Normalized",1661,4485,58,0,0,1,6,0,39,1,7,1,2,0,0,1,"true","false","true",2,NA,"",NA,"",""
"sp_65_Normalized",1665,6270,101,0,0,1,10,0,62,1,18,1,5,1,2,0,"true","false","true",2,NA,"",NA,"",""
"sp_388_Normalized",1670,4427,22,0,0,0,6,0,5,1,0,0,5,1,1,0,"true","false","true",2,NA,"",NA,"",""
"sp_245_Normalized",1690,3128,12,0,0,1,3,0,0,1,1,1,2,0,0,2,"true","false","true",2,NA,"",NA,"",""
"sp_182_Normalized",1716,5542,30,1,0,0,11,0,1,2,2,0,8,1,1,0,"true","false","true",2,NA,"",NA,"",""
"sp_335_Normalized",1734,5497,33,0,0,2,3,0,10,1,5,0,4,1,1,2,"true","false","true",2,NA,"",NA,"",""
"sp_419_Normalized",1746,3089,24220,0,0,0,7,0,23251,2,953,0,4,0,1,1,"true","false","true",2,NA,"",NA,"",""
"sp_397_Normalized",1756,5257,22,0,1,0,9,0,1,1,2,0,6,0,1,0,"true","false","true",2,NA,"",NA,"",""
"sp_117_Normalized",1761,4798,53,0,0,0,7,0,28,1,10,1,3,0,1,1,"true","false","true",2,NA,"",NA,"",""
"sp_73_Normalized",1763,5691,707,1,0,0,4,0,589,1,105,1,2,0,1,0,"true","false","true",2,NA,"",NA,"",""
"sp_178_Normalized",1769,5651,31,0,0,0,11,0,6,2,1,0,7,1,1,0,"true","false","true",2,NA,"",NA,"",""
"sp_142_Normalized",1809,4797,26,0,0,0,11,0,1,1,1,0,7,0,1,0,"true","false","true",2,NA,"",NA,"",""
"sp_369_Normalized",1812,8945,35,0,0,0,8,0,1,2,3,1,8,1,2,3,"true","false","true",2,NA,"",NA,"",""
"sp_77_Normalized",1814,4735,469,0,0,0,5,0,402,1,50,0,5,0,1,1,"true","false","true",2,NA,"",NA,"",""
"sp_76_Normalized",1820,5412,511,0,0,0,6,0,396,1,99,1,3,0,1,0,"true","false","true",2,NA,"",NA,"",""
"sp_75_Normalized",1820,4737,487,0,0,0,7,0,418,1,53,0,4,0,1,0,"true","false","true",2,NA,"",NA,"",""
"sp_389_Normalized",1829,5410,21,0,0,0,7,0,2,1,1,0,4,0,1,0,"true","false","true",2,NA,"",NA,"",""
"sp_50_Normalized",1869,6236,83,0,0,0,9,0,54,1,10,0,4,0,1,0,"true","false","true",2,NA,"",NA,"",""
"sp_8_Normalized",1876,7546,43,0,0,0,17,0,1,2,3,1,14,1,1,1,"true","false","true",2,NA,"",NA,"",""
"sp_267_Normalized",1898,6502,31,0,0,1,11,0,2,2,4,0,5,1,1,1,"true","false","true",2,NA,"",NA,"",""
"sp_64_Normalized",1925,4454,63,0,0,1,19,0,25,1,7,0,7,0,1,0,"true","false","true",2,NA,"",NA,"",""
"sp_390_Normalized",1939,6136,46,0,0,1,14,0,9,2,2,0,12,1,1,0,"true","false","true",2,NA,"",NA,"",""
"sp_1_Normalized",1942,6510,1596,0,0,1,19,0,1435,1,128,0,5,0,1,2,"true","false","true",2,NA,"",NA,"",""
"sp_177_Normalized",2013,6956,986,0,1,0,11,0,862,2,98,0,8,1,1,0,"true","false","true",2,NA,"",NA,"",""
"sp_27_Normalized",2017,7349,42,0,0,0,3,0,20,2,8,0,3,1,1,1,"true","false","true",2,NA,"",NA,"",""
"sp_157_Normalized",2029,2011,23,0,1,0,10,0,4,1,1,0,4,0,1,1,"true","false","true",2,NA,"",NA,"",""
"sp_111_Normalized",2143,5947,20,0,0,1,5,0,2,1,2,0,5,0,1,0,"true","false","true",2,NA,"",NA,"",""
"sp_332_Normalized",2174,8072,38,0,0,0,5,0,10,2,6,1,5,1,1,4,"true","false","true",2,NA,"",NA,"",""
"sp_296_Normalized",2213,7806,28,0,0,0,8,0,1,2,2,0,6,1,1,3,"true","false","true",2,NA,"",NA,"",""
"sp_112_Normalized",2220,6309,21,0,0,0,6,0,3,1,1,0,5,0,1,0,"true","false","true",2,NA,"",NA,"",""
"sp_243_Normalized",2220,4919,68,0,0,0,10,0,41,1,7,0,4,0,0,0,"true","false","true",2,NA,"",NA,"",""
"sp_263_Normalized",2233,9285,31,0,0,0,6,0,2,2,4,0,7,1,1,4,"true","false","true",2,NA,"",NA,"",""
"sp_118_Normalized",2254,5869,51,0,0,0,11,0,17,2,7,0,6,0,2,1,"true","false","true",2,NA,"",NA,"",""
"sp_257_Normalized",2259,16776,714,0,0,0,20,0,533,4,116,2,7,17,4,1,"true","false","true",2,NA,"",NA,"",""
"sp_106_Normalized",2358,3684,33,0,0,0,13,0,4,2,5,1,6,0,1,0,"true","false","true",2,NA,"",NA,"",""
"sp_105_Normalized",2362,3290,28,0,0,0,8,0,7,1,3,1,4,0,0,0,"true","false","true",2,NA,"",NA,"",""
"sp_100_Normalized",2364,3292,28,0,1,0,8,0,7,2,3,0,4,0,0,0,"true","false","true",2,NA,"",NA,"",""
"sp_103_Normalized",2364,3289,29,0,1,0,8,0,8,2,4,1,4,0,0,1,"true","false","true",2,NA,"",NA,"",""
"sp_102_Normalized",2368,3287,28,0,1,0,7,0,7,2,3,0,4,0,1,0,"true","false","true",2,NA,"",NA,"",""
"sp_99_Normalized",2368,3290,26,0,0,0,8,0,7,2,3,0,3,1,1,0,"true","false","true",2,NA,"",NA,"",""
"sp_116_Normalized",2387,5225,64,0,0,0,11,0,33,1,10,0,5,1,1,0,"true","false","true",2,NA,"",NA,"",""
"sp_113_Normalized",2394,7015,25,0,0,0,7,0,4,2,2,1,6,1,1,0,"true","false","true",2,NA,"",NA,"",""
"sp_2_Normalized",2412,10180,2070,1,0,0,16,0,1735,2,298,0,10,1,3,1,"true","false","true",2,NA,"",NA,"",""
"sp_265_Normalized",2423,15841,18170,0,0,1,11,0,16988,6,1136,0,5,5,4,2,"true","false","true",2,NA,"",NA,"",""
"sp_286_Normalized",2476,15827,19603,0,0,0,10,0,18650,4,919,1,4,4,2,1,"true","false","true",2,NA,"",NA,"",""
"sp_9_Normalized",2479,8694,44,0,0,1,16,0,5,2,2,0,11,0,1,0,"true","false","true",2,NA,"",NA,"",""
"sp_258_Normalized",2590,17717,792,0,0,0,16,0,613,7,125,1,10,5,3,2,"true","false","true",2,NA,"",NA,"",""
"sp_264_Normalized",2597,10217,31,0,1,0,7,0,1,2,3,0,6,2,2,3,"true","false","true",2,NA,"",NA,"",""
"sp_143_Normalized",2628,6109,50,0,0,0,21,0,6,2,1,1,13,0,1,1,"true","false","true",2,NA,"",NA,"",""
"sp_104_Normalized",2678,4178,36,0,0,0,9,0,11,2,5,0,4,0,0,1,"true","false","true",2,NA,"",NA,"",""
"sp_98_Normalized",2684,4191,37,1,0,0,9,0,10,2,6,0,6,1,1,1,"true","false","true",2,NA,"",NA,"",""
"sp_101_Normalized",2684,4348,36,0,0,0,9,0,9,1,5,1,6,0,1,0,"true","false","true",2,NA,"",NA,"",""
"sp_344_Normalized",2730,9958,51,0,0,0,10,0,14,2,7,1,7,2,1,2,"true","false","true",2,NA,"",NA,"",""
"sp_244_Normalized",2746,7327,63,0,0,0,10,0,30,2,10,0,6,0,2,0,"true","false","true",2,NA,"",NA,"",""
"sp_127_Normalized",2766,9709,23,0,0,0,5,0,2,2,3,1,5,0,1,0,"true","false","true",2,NA,"",NA,"",""
"sp_135_Normalized",2767,10056,25,0,0,0,6,0,2,2,2,1,5,1,1,0,"true","false","true",2,NA,"",NA,"",""
"sp_402_Normalized",2768,8907,47,0,0,1,12,0,4,2,1,0,16,0,1,5,"true","false","true",2,NA,"",NA,"",""
"sp_259_Normalized",2776,18670,1136,0,1,0,17,0,916,6,170,0,10,4,3,2,"true","false","true",2,NA,"",NA,"",""
"sp_3_Normalized",2822,9981,1713,1,0,0,23,0,1515,2,157,0,9,1,2,1,"true","false","true",2,NA,"",NA,"",""
"sp_114_Normalized",2918,6109,71,0,0,1,15,0,28,2,11,0,10,0,1,1,"true","false","true",2,NA,"",NA,"",""
"sp_128_Normalized",2934,10231,26,1,0,0,6,0,2,2,3,0,6,1,1,0,"true","false","true",2,NA,"",NA,"",""
"sp_136_Normalized",2935,10581,25,0,0,0,6,0,2,3,3,0,6,1,1,0,"true","false","true",2,NA,"",NA,"",""
"sp_93_Normalized",2938,9835,1039,0,0,0,9,0,849,1,170,1,4,0,1,1,"true","false","true",2,NA,"",NA,"",""
"sp_4_Normalized",2941,12453,1654,0,0,1,19,0,1403,2,206,1,12,0,2,2,"true","false","true",2,NA,"",NA,"",""
"sp_202_Normalized",2944,16668,67,0,0,3,16,0,10,3,12,1,6,1,2,4,"true","false","true",2,NA,"",NA,"",""
"sp_391_Normalized",2977,8131,31,1,0,0,11,0,3,2,2,0,7,0,0,1,"true","false","true",2,NA,"",NA,"",""
"sp_350_Normalized",2983,12705,30,0,0,0,5,0,1,2,3,0,7,1,1,5,"true","false","true",2,NA,"",NA,"",""
"sp_412_Normalized",2999,7401,806,1,0,0,7,0,702,2,85,0,3,0,1,2,"true","false","true",2,NA,"",NA,"",""
"sp_197_Normalized",3187,4564,186,1,0,0,61,0,56,1,56,0,7,1,0,1,"true","false","true",2,NA,"",NA,"",""
"sp_199_Normalized",3188,4575,192,0,0,1,63,0,61,1,57,0,6,1,1,1,"true","false","true",2,NA,"",NA,"",""
"sp_401_Normalized",3246,16523,70,0,0,0,19,0,3,4,6,1,24,1,3,5,"true","false","true",2,NA,"",NA,"",""
"sp_125_Normalized",3249,11489,35,0,1,0,9,0,6,3,3,2,8,1,1,0,"true","false","true",2,NA,"",NA,"",""
"sp_292_Normalized",3273,15596,42,0,0,0,6,0,8,3,8,0,6,0,1,1,"true","false","true",2,NA,"",NA,"",""
"sp_187_Normalized",3285,3836,203,0,0,0,69,0,64,1,60,0,4,0,1,1,"true","false","true",2,NA,"",NA,"",""
"sp_121_Normalized",3291,12262,33,0,0,1,10,0,1,3,3,0,7,1,1,1,"true","false","true",2,NA,"",NA,"",""
"sp_133_Normalized",3305,11501,34,0,0,1,10,0,4,3,3,0,7,1,1,0,"true","false","true",2,NA,"",NA,"",""
"sp_393_Normalized",3309,11161,40,0,0,1,13,0,6,2,3,0,7,0,1,0,"true","false","true",2,NA,"",NA,"",""
"sp_319_Normalized",3339,18836,38180,0,0,0,7,0,36132,5,2015,1,4,4,3,0,"true","false","true",2,NA,"",NA,"",""
"sp_25_Normalized",3408,13523,75,0,0,0,5,0,41,2,13,0,5,1,2,0,"true","false","true",2,NA,"",NA,"",""
"sp_126_Normalized",3417,11440,39,0,0,0,10,0,8,2,3,0,7,1,1,0,"true","false","true",2,NA,"",NA,"",""
"sp_210_Normalized",3430,18688,48,0,0,0,7,0,1,5,6,0,14,2,2,2,"true","false","true",2,NA,"",NA,"",""
"sp_10_Normalized",3456,14076,54,0,0,0,22,0,2,4,4,0,12,1,2,0,"true","false","true",2,NA,"",NA,"",""
"sp_357_Normalized",3458,18777,70,0,0,0,19,0,2,4,17,2,9,3,2,3,"true","false","true",2,NA,"",NA,"",""
"sp_122_Normalized",3459,12409,43,0,0,0,12,0,2,3,3,1,13,1,1,1,"true","false","true",2,NA,"",NA,"",""
"sp_134_Normalized",3473,12671,39,0,0,1,12,0,2,3,4,1,10,2,2,0,"true","false","true",2,NA,"",NA,"",""
"sp_132_Normalized",3518,12341,37,1,0,0,10,0,1,4,4,1,8,3,2,0,"true","false","true",2,NA,"",NA,"",""
"sp_152_Normalized",3530,17426,88,0,0,0,16,0,36,3,12,1,8,1,2,1,"true","false","true",2,NA,"",NA,"",""
"sp_5_Normalized",3553,15619,1597,1,0,0,26,0,1343,2,199,1,15,0,2,1,"true","false","true",2,NA,"",NA,"",""
"sp_131_Normalized",3560,12386,39,0,0,0,10,0,5,3,4,0,8,2,1,0,"true","false","true",2,NA,"",NA,"",""
"sp_203_Normalized",3564,13911,44,0,0,1,9,0,6,5,4,1,6,1,2,3,"true","false","true",2,NA,"",NA,"",""
"sp_291_Normalized",3613,17965,39,0,1,0,6,0,1,4,8,0,7,1,2,2,"true","false","true",2,NA,"",NA,"",""
"sp_201_Normalized",3633,13311,50,0,0,0,14,0,3,4,3,0,16,1,2,1,"true","false","true",2,NA,"",NA,"",""
"sp_376_Normalized",3638,24076,116,1,0,0,10,0,2,6,6,1,57,10,3,5,"true","false","true",3,NA,"",NA,"",""
"sp_373_Normalized",3677,13768,63,0,0,0,4,0,25,3,11,1,6,1,2,3,"true","false","true",2,NA,"",NA,"",""
"sp_6_Normalized",3709,14048,1731,0,0,0,25,0,1471,3,209,0,13,1,2,1,"true","false","true",2,NA,"",NA,"",""
"sp_24_Normalized",3714,14729,90,0,1,0,6,0,53,2,15,1,6,1,2,0,"true","false","true",2,NA,"",NA,"",""
"sp_23_Normalized",3721,15072,85,0,0,0,6,0,45,2,16,1,7,1,2,1,"true","false","true",2,NA,"",NA,"",""
"sp_211_Normalized",3762,19664,48,0,0,1,7,0,1,6,5,1,13,2,2,1,"true","false","true",2,NA,"",NA,"",""
"sp_377_Normalized",3763,24808,121,0,0,0,13,0,6,6,6,1,54,10,2,4,"true","false","true",3,NA,"",NA,"",""
"sp_21_Normalized",3829,11935,77,0,0,0,6,0,47,2,11,0,5,1,1,0,"true","false","true",2,NA,"",NA,"",""
"sp_300_Normalized",3857,11038,71,0,0,0,28,0,11,3,7,1,13,0,2,1,"true","false","true",2,NA,"",NA,"",""
"sp_213_Normalized",3879,20165,52,0,0,0,8,0,2,7,6,1,14,2,2,2,"true","false","true",2,NA,"",NA,"",""
"sp_212_Normalized",3879,20170,49,0,0,0,7,0,2,6,5,1,14,1,1,1,"true","false","true",2,NA,"",NA,"",""
"sp_337_Normalized",3910,18137,112,0,0,0,5,0,10,4,9,4,49,7,2,2,"true","false","true",4,NA,"",NA,"",""
"sp_361_Normalized",3912,20009,101,0,0,0,17,0,8,4,12,2,31,4,3,5,"true","false","true",3,NA,"",NA,"",""
"sp_385_Normalized",3928,13077,58,0,0,1,19,0,14,3,3,0,10,0,1,1,"true","false","true",2,NA,"",NA,"",""
"sp_189_Normalized",3965,4841,217,0,0,0,70,0,66,2,68,1,6,1,1,1,"true","false","true",2,NA,"",NA,"",""
"sp_191_Normalized",3965,4820,195,0,0,1,67,0,57,1,57,0,8,1,1,1,"true","false","true",2,NA,"",NA,"",""
"sp_119_Normalized",3976,8353,100,0,0,0,13,0,59,2,13,0,7,1,1,1,"true","false","true",2,NA,"",NA,"",""
"sp_115_Normalized",3986,8273,501,1,0,0,12,0,417,1,58,0,6,0,1,0,"true","false","true",2,NA,"",NA,"",""
"sp_120_Normalized",3989,8124,100,0,0,0,13,0,60,1,12,0,7,1,1,1,"true","false","true",2,NA,"",NA,"",""
"sp_195_Normalized",4008,7377,227,0,0,1,76,0,68,2,64,0,11,1,1,0,"true","false","true",2,NA,"",NA,"",""
"sp_7_Normalized",4017,14529,1784,0,0,1,33,0,1574,2,149,1,15,1,2,1,"true","false","true",2,NA,"",NA,"",""
"sp_417_Normalized",4021,4674,72,0,0,0,32,0,16,5,8,0,7,0,0,1,"true","false","true",2,NA,"",NA,"",""
"sp_20_Normalized",4022,16622,105,0,1,0,6,0,51,3,24,1,8,1,3,1,"true","false","true",2,NA,"",NA,"",""
"sp_204_Normalized",4074,24048,3439141,0,1,0,21,0,3428444,4,10643,2,11,2,2,3,"true","false","true",2,NA,"",NA,"",""
"sp_374_Normalized",4129,15102,51,0,0,1,3,0,19,2,8,1,6,0,2,2,"true","false","true",2,NA,"",NA,"",""
"sp_193_Normalized",4132,6603,146,0,0,0,54,0,42,1,39,0,6,1,0,0,"true","false","true",2,NA,"",NA,"",""
"sp_163_Normalized",4259,12734,28,0,0,0,7,0,3,2,2,0,8,1,1,1,"true","false","true",2,NA,"",NA,"",""
"sp_14_Normalized",4426,5301,28,0,0,0,12,0,5,2,0,0,5,1,1,0,"true","false","true",2,NA,"",NA,"",""
"sp_181_Normalized",4444,6842,134,0,0,0,47,0,39,1,39,0,5,1,1,0,"true","false","true",2,NA,"",NA,"",""
"sp_185_Normalized",4450,7146,157,0,0,0,44,0,39,2,60,0,9,1,1,0,"true","false","true",2,NA,"",NA,"",""
"sp_170_Normalized",4476,10064,49081,1,0,0,11,0,47578,1,1481,1,5,0,0,0,"true","false","true",2,NA,"",NA,"",""
"sp_205_Normalized",4511,26059,7396419,0,0,0,13,0,7381703,5,14673,1,9,3,2,3,"true","false","true",2,NA,"",NA,"",""
"sp_415_Normalized",4517,20729,39,0,0,1,6,0,3,4,6,1,5,1,1,4,"true","false","true",2,NA,"",NA,"",""
"sp_15_Normalized",4547,5419,36,0,0,0,17,0,6,1,1,0,5,1,1,1,"true","false","true",2,NA,"",NA,"",""
"sp_183_Normalized",4606,7348,225,0,1,0,47,0,44,1,115,1,12,1,1,0,"true","false","true",2,NA,"",NA,"",""
"sp_366_Normalized",4638,19075,49,1,0,0,5,0,1,3,7,0,15,1,2,3,"true","false","true",2,NA,"",NA,"",""
"sp_400_Normalized",4698,17152,39922,0,0,1,15,0,38227,2,1616,1,8,1,1,47,"true","false","true",2,NA,"",NA,"",""
"sp_329_Normalized",4778,16292,44,1,0,0,5,0,14,2,7,1,5,1,1,1,"true","false","true",2,NA,"",NA,"",""
"sp_179_Normalized",4925,7309,150,0,1,0,47,0,46,1,43,2,5,2,1,0,"true","false","true",2,NA,"",NA,"",""
"sp_370_Normalized",5029,21955,37,0,0,0,6,0,1,4,5,1,9,1,2,2,"true","false","true",2,NA,"",NA,"",""
"sp_169_Normalized",5186,13841,13715,0,0,0,22,0,12994,2,667,1,19,1,2,3,"true","false","true",2,NA,"",NA,"",""
"sp_16_Normalized",5296,6237,48,1,0,0,19,0,13,3,1,0,6,1,1,1,"true","false","true",2,NA,"",NA,"",""
"sp_340_Normalized",5315,22995,227,0,1,0,72,0,14,6,116,0,5,3,2,2,"true","false","true",2,NA,"",NA,"",""
"sp_351_Normalized",5515,27590,57,1,0,0,11,0,4,6,11,2,6,2,1,3,"true","false","true",2,NA,"",NA,"",""
"sp_308_Normalized",5620,20057,40,1,0,0,7,0,1,3,10,0,8,3,1,0,"true","false","true",2,NA,"",NA,"",""
"sp_336_Normalized",5677,111279,766,0,1,0,13,0,12,17,22,3,595,41,12,4,"true","false","true",3,NA,"",NA,"",""
"sp_302_Normalized",5721,24121,64,7,0,0,19,0,9,3,9,1,3,6,0,1,"true","false","true",2,NA,"",NA,"",""
"sp_303_Normalized",5789,24387,58,0,0,0,19,0,9,4,9,1,3,6,1,1,"true","false","true",2,NA,"",NA,"",""
"sp_304_Normalized",5860,24686,59,0,1,0,18,0,9,4,9,0,3,7,0,1,"true","false","true",2,NA,"",NA,"",""
"sp_305_Normalized",5998,25240,63,0,0,0,21,0,10,4,10,1,4,7,0,1,"true","false","true",2,NA,"",NA,"",""
"sp_306_Normalized",6067,25517,69,0,0,0,22,0,11,5,11,0,4,7,1,1,"true","false","true",2,NA,"",NA,"",""
"sp_378_Normalized",6310,24414,85,0,0,1,10,0,6,4,4,0,37,6,2,3,"true","false","true",3,NA,"",NA,"",""
"sp_235_Normalized",6325,20771,59,1,0,0,6,0,20,3,8,0,8,1,1,4,"true","false","true",2,NA,"",NA,"",""
"sp_172_Normalized",6557,33993,1364,1,0,0,17,0,1139,4,178,1,11,1,3,1,"true","false","true",2,NA,"",NA,"",""
"sp_153_Normalized",6600,32986,396,6,1,0,21,0,279,4,56,0,14,1,3,0,"true","false","true",2,NA,"",NA,"",""
"sp_222_Normalized",6693,22511,396,1,0,0,16,0,268,4,85,0,10,1,3,1,"true","false","true",2,NA,"",NA,"",""
"sp_379_Normalized",6804,42395,221,1,1,0,11,0,3,8,8,1,135,21,2,3,"true","false","true",3,NA,"",NA,"",""
"sp_307_Normalized",7073,29439,60,1,0,0,11,0,6,6,14,1,6,3,3,3,"true","false","true",2,NA,"",NA,"",""
"sp_96_Normalized",7133,16346,1470,1,0,0,10,0,1310,2,138,1,3,1,1,0,"true","false","true",2,NA,"",NA,"",""
"sp_408_Normalized",7294,44791,224,1,0,0,71,0,64,6,29,2,33,4,4,1,"true","false","true",2,NA,"",NA,"",""
"sp_352_Normalized",7346,30200,60,1,0,1,10,0,5,7,13,1,6,3,2,3,"true","false","true",2,NA,"",NA,"",""
"sp_95_Normalized",7448,16830,1357,0,0,1,10,0,1225,2,108,0,3,1,1,1,"true","false","true",2,NA,"",NA,"",""
"sp_94_Normalized",7456,21137,1307,0,0,0,10,0,1094,3,184,1,7,1,2,1,"true","false","true",2,NA,"",NA,"",""
"sp_409_Normalized",7460,45392,244,6,0,1,72,0,52,6,29,1,47,15,4,0,"true","false","true",2,NA,"",NA,"",""
"sp_80_Normalized",7461,21182,1315,1,0,0,10,0,1089,3,195,0,8,1,1,1,"true","false","true",2,NA,"",NA,"",""
"sp_81_Normalized",7469,16258,1267,6,0,0,10,0,1118,3,117,0,5,1,1,1,"true","false","true",2,NA,"",NA,"",""
"sp_123_Normalized",7490,26771,53,7,0,0,15,0,3,3,4,0,10,2,1,0,"true","false","true",2,NA,"",NA,"",""
"sp_279_Normalized",7607,15691,198,0,0,1,110,0,31,10,2,0,33,2,0,1,"true","false","true",2,NA,"",NA,"",""
"sp_82_Normalized",7694,21607,1344,1,0,0,11,0,1119,2,195,2,7,1,2,1,"true","false","true",2,NA,"",NA,"",""
"sp_410_Normalized",7699,46101,241,6,0,0,72,0,77,9,31,1,25,4,3,1,"true","false","true",2,NA,"",NA,"",""
"sp_411_Normalized",7700,48205,232,1,0,0,74,0,67,6,31,1,30,4,4,1,"true","false","true",2,NA,"",NA,"",""
"sp_13_Normalized",7707,33989,171,1,0,1,15,0,89,5,23,2,12,3,4,4,"true","false","true",2,NA,"",NA,"",""
"sp_12_Normalized",7708,33521,150,1,0,0,26,0,71,5,19,0,10,1,3,2,"true","false","true",2,NA,"",NA,"",""
"sp_79_Normalized",7912,17485,1300,1,0,0,11,0,1150,3,125,1,4,1,1,1,"true","false","true",2,NA,"",NA,"",""
"sp_375_Normalized",7928,67889,356,6,0,0,18,0,35,8,18,3,202,17,6,7,"true","false","true",4,NA,"",NA,"",""
"sp_348_Normalized",7950,35542,63,0,0,3,11,0,2,7,8,1,10,2,2,7,"true","false","true",2,NA,"",NA,"",""
"sp_347_Normalized",7950,35540,57,0,0,1,10,0,2,7,7,1,9,2,2,5,"true","false","true",2,NA,"",NA,"",""
"sp_124_Normalized",8002,28383,52,1,0,0,15,0,2,4,5,1,13,2,1,0,"true","false","true",2,NA,"",NA,"",""
"sp_209_Normalized",8021,27665,52,1,0,0,8,0,4,5,9,0,10,2,2,3,"true","false","true",2,NA,"",NA,"",""
"sp_129_Normalized",8435,27136,57,0,0,0,15,0,6,4,6,2,13,2,2,0,"true","false","true",2,NA,"",NA,"",""
"sp_87_Normalized",8577,22839,1687,1,0,0,14,0,1414,3,237,1,7,1,2,1,"true","false","true",2,NA,"",NA,"",""
"sp_162_Normalized",8583,27680,61,0,0,0,19,0,6,5,4,0,15,1,1,1,"true","false","true",2,NA,"",NA,"",""
"sp_280_Normalized",8607,17512,237,5,0,1,142,0,46,6,1,1,24,2,1,0,"true","false","true",2,NA,"",NA,"",""
"sp_88_Normalized",8612,22827,1512,1,0,0,14,0,1279,3,198,0,8,1,2,0,"true","false","true",2,NA,"",NA,"",""
"sp_418_Normalized",8628,29886,64031,0,0,0,21,0,60986,5,2985,1,14,2,3,2,"true","false","true",2,NA,"",NA,"",""
"sp_281_Normalized",8805,19563,208,1,0,0,128,0,37,6,2,0,24,3,1,0,"true","false","true",2,NA,"",NA,"",""
"sp_130_Normalized",9063,26865,56,1,0,0,15,0,10,4,6,1,10,2,1,0,"true","false","true",2,NA,"",NA,"",""
"sp_367_Normalized",9141,26562,120,0,1,0,7,0,64,4,21,0,9,1,2,2,"true","false","false",2,NA,"",NA,"",""
"sp_223_Normalized",9502,21954,44,1,0,0,2,0,1,4,4,0,17,6,1,1,"true","false","true",2,NA,"",NA,"",""
"sp_311_Normalized",10386,71751,258,0,0,2,12,0,13,32,25,3,106,20,3,1,"true","false","true",3,NA,"",NA,"",""
"sp_200_Normalized",10560,40355,85,0,1,0,24,0,9,6,7,1,20,2,2,2,"true","false","true",2,NA,"",NA,"",""
"sp_236_Normalized",10746,74530,341,0,1,0,20,0,30,10,19,3,196,16,5,6,"true","false","true",4,NA,"",NA,"",""
"sp_249_Normalized",11099,71260,696,1,2,1,6,0,3,3,2,4,587,40,29,2,"true","false","true",2,NA,"",NA,"",""
"sp_353_Normalized",11280,64107,150,0,0,1,19,0,6,12,15,3,49,7,3,5,"true","false","true",3,NA,"",NA,"",""
"sp_17_Normalized",11767,29377,85,1,0,0,23,0,15,6,9,0,18,1,1,1,"true","false","true",2,NA,"",NA,"",""
"sp_398_Normalized",12342,23339,125,0,0,0,36,0,33,7,17,0,25,1,0,0,"true","false","true",2,NA,"",NA,"",""
"sp_18_Normalized",12734,32238,68,1,0,0,17,0,10,5,8,0,15,2,1,0,"true","false","true",2,NA,"",NA,"",""
"sp_371_Normalized",12916,41053,194,0,0,1,19,0,97,6,33,0,19,2,3,3,"true","false","false",2,NA,"",NA,"",""
"sp_309_Normalized",13207,67219,247,1,0,1,10,0,8,31,26,2,111,17,4,1,"true","false","true",3,NA,"",NA,"",""
"sp_372_Normalized",13220,41888,195,1,0,0,21,0,96,5,32,1,19,1,2,4,"true","false","false",2,NA,"",NA,"",""
"sp_328_Normalized",14004,43123,1044,1,1,0,19,0,839,6,142,1,13,3,3,3,"true","false","true",2,NA,"",NA,"",""
"sp_310_Normalized",15292,114658,507,6,0,1,18,0,28,62,49,7,227,37,4,1,"true","false","true",3,NA,"",NA,"",""
"sp_261_Normalized",18469,72828,1578,1,0,0,141,0,940,10,198,1,257,4,5,1,"true","false","true",2,NA,"",NA,"",""
"sp_137_Normalized",19957,104268,897,6,0,1,52,0,459,13,143,2,170,18,6,3,"true","false","true",2,NA,"",NA,"",""
"sp_138_Normalized",19962,99784,1009,7,0,0,53,0,563,13,128,2,189,21,5,2,"true","false","true",2,NA,"",NA,"",""
"sp_0_Normalized",22225,47122,14532,1,1,0,123,0,13601,6,746,1,35,2,2,1,"true","false","true",2,NA,"",NA,"",""
"sp_338_Normalized",26255,108627,2009,1,0,1,152,0,1221,13,230,4,323,22,9,4,"true","false","true",2,NA,"",NA,"",""
"sp_346_Normalized",26575,65308,1189,1,0,1,29,0,914,25,150,2,29,7,4,5,"true","false","true",2,NA,"",NA,"",""
"sp_339_Normalized",27146,112140,2015,1,0,1,153,0,1261,14,227,3,297,22,6,3,"true","false","true",2,NA,"",NA,"",""
"sp_345_Normalized",29488,128648,1851,6,0,1,167,0,983,17,246,3,360,23,6,3,"true","false","true",2,NA,"",NA,"",""
"sp_341_Normalized",31803,55474,297,6,0,1,56,0,59,15,41,1,77,20,1,2,"true","false","true",2,NA,"",NA,"",""
"sp_333_Normalized",34973,134183,2003,1,0,0,166,0,1150,19,245,5,341,23,7,3,"true","false","true",2,NA,"",NA,"",""
"sp_342_Normalized",52538,108438,1540,7,0,0,171,0,976,26,190,4,99,24,3,3,"true","false","true",2,NA,"",NA,"",""
"sp_343_Normalized",54050,112667,1604,6,1,0,182,0,1017,27,191,4,101,24,4,5,"true","false","true",2,NA,"",NA,"",""
"sp_330_Normalized",54618,108999,1542,7,0,1,165,0,983,27,189,4,98,23,3,3,"true","false","true",2,NA,"",NA,"",""
"sp_334_Normalized",55072,152647,1801,6,1,0,163,0,1173,26,192,5,154,23,6,4,"true","false","true",2,NA,"",NA,"",""
"sp_331_Normalized",56130,105370,1556,6,1,1,191,0,1038,25,181,4,45,22,4,4,"true","false","true",2,NA,"",NA,"",""
